id,name,age,gender
62116131,number0,18,Female
62116132,number1,18,Female
62116133,number2,18,Female
62116134,number3,18,Female
62116135,number4,18,Female
62116136,number5,18,Female
62116137,number6,18,Female
62116138,number7,18,Female
62116139,number8,18,Female
62116140,number9,18,Female
62116141,number10,18,Female
62116142,number11,18,Female
62116143,number12,18,Male
62116144,number13,18,Male
62116145,number14,18,Male
62116146,number15,18,Male
62116147,number16,18,Male
62116148,number17,18,Male
62116149,number18,18,Male
62116150,number19,18,Male
62116151,number20,18,Male
62116152,number21,18,Male
